{
	"position": {
		"x": 967.4189453125,
		"y": 201.863006591797
	}
}